UDI;Product ID;Type;Air temperature [K];Process temperature [K];Rotational speed [rpm];Torque [Nm];Tool wear [min];Failure Type
8525;L55704;L;298.3;309.4;1468;46.2;10;No Failure
7827;L55006;L;299.8;311.1;1300;64.2;165;No Failure
6649;L53828;L;301.5;310.4;1488;41.1;151;No Failure
3619;L50798;L;301.9;311.1;1448;46.3;14;No Failure
8496;L55675;L;298.3;309.4;1668;27.1;136;No Failure
5322;M20181;M;303.4;312.7;1576;49.9;28;No Failure
2488;H31901;H;298.9;308.6;1623;31;180;No Failure
6941;H36354;H;300.8;311.4;1453;44.6;38;No Failure
7348;L54527;L;299.6;310.2;1627;36.6;17;No Failure
4356;H33769;H;302;309.8;1280;57.3;147;Heat Dissipation Failure
9672;L56851;L;299;310.2;1412;44.1;246;No Failure
6925;L54104;L;301.2;311.6;1461;52.9;208;Overstrain Failure
8826;M23685;M;297.3;308.8;1548;41.3;140;No Failure
3419;H32832;H;301.6;310.6;1555;40.4;139;No Failure
3764;L50943;L;302.3;311;1428;47.9;174;No Failure
2629;H32042;H;299.9;309.6;1410;51.2;98;No Failure
1827;H31240;H;297.8;307.3;1516;40.1;166;No Failure
9998;M24857;M;299;308.6;1645;33.4;22;No Failure
7279;H36692;H;300;310.1;1714;28.7;55;No Failure
9681;L56860;L;299.1;310.1;1894;24.2;22;No Failure
5986;L53165;L;300.7;310.7;1314;42.4;198;No Failure
1394;L48573;L;299.1;310.4;1594;33.3;147;No Failure
8139;L55318;L;299.5;310.8;1356;54.9;72;No Failure
1630;M16489;M;297.9;307.9;1336;54.4;82;No Failure
451;M15310;M;297.6;308.7;1419;41.7;81;No Failure
6455;L53634;L;300.7;310.1;1598;32.8;79;No Failure
9903;H39316;H;298.7;309.3;1402;45.3;190;No Failure
2165;L49344;L;299.6;309.2;1540;36.7;221;No Failure
9012;M23871;M;297.2;307.9;1530;35.9;197;No Failure
9257;L56436;L;298.2;309.1;1569;35.2;199;No Failure
4791;L51970;L;303.8;312.8;1443;40.7;145;No Failure
3090;H32503;H;300.1;309.3;1520;38.2;158;No Failure
4645;L51824;L;303.2;311.4;1514;41.2;230;No Failure
9460;L56639;L;298.4;309.1;1579;36.1;123;No Failure
8789;L55968;L;297.4;308.5;1369;53.2;43;No Failure
4615;H34028;H;303;311.2;1503;37;152;No Failure
6369;M21228;M;300;309.6;1423;48.7;67;No Failure
8602;H38015;H;297.4;308.2;1359;46.9;199;No Failure
249;L47428;L;298;308.3;1362;56.8;216;Overstrain Failure
9530;L56709;L;299.1;310.3;1459;46.7;84;No Failure
2897;M17756;M;300.7;309.5;1633;31.3;90;No Failure
7625;L54804;L;300.6;311.7;1507;45.5;74;No Failure
1843;H31256;H;297.7;307.1;1855;22.5;7;No Failure
4831;L52010;L;303.5;312;1756;29.7;28;No Failure
8775;M23634;M;297.6;308.7;1408;51.5;4;No Failure
9727;L56906;L;298.8;309.8;1557;37.2;139;No Failure
859;M15718;M;296.2;307;1516;37.6;25;No Failure
5472;L52651;L;302.7;312.3;1346;61.2;170;Random Failures
4111;L51290;L;302;310.6;1361;46.7;182;No Failure
7469;L54648;L;300.3;311.6;1560;37.7;107;No Failure
5355;L52534;L;303.4;312.6;1462;37.5;118;No Failure
1219;M16078;M;297;308.2;1702;30.7;124;No Failure
2204;L49383;L;299.8;309;1614;30.8;100;No Failure
5812;L52991;L;301.3;311.1;1454;40.3;191;No Failure
7368;M22227;M;299.5;310.1;1359;61.1;67;No Failure
3281;M18140;M;301.2;309.9;1456;50.8;15;No Failure
5723;L52902;L;302.2;311.7;1488;44.6;178;No Failure
5950;M20809;M;300.7;310.8;1506;44;97;No Failure
9704;L56883;L;298.9;310;1422;43.6;78;No Failure
4549;L51728;L;302.6;310.5;1511;37.2;197;No Failure
8280;L55459;L;298.8;310.6;1803;25.4;209;No Failure
7419;M22278;M;300.2;311.4;1427;39.7;196;No Failure
6768;L53947;L;301.3;310.9;1509;41.7;16;No Failure
7941;M22800;M;300.7;311.7;1532;40;0;No Failure
2879;H32292;H;300.5;309.4;1502;34.3;40;No Failure
8758;L55937;L;297.5;308.8;1587;34.9;166;No Failure
2288;L49467;L;299.4;308.6;1746;26.8;107;No Failure
7089;M21948;M;300.6;310.3;1614;32.7;0;No Failure
1472;L48651;L;298.5;309.6;1421;53.6;122;No Failure
3098;M17957;M;299.9;309.2;1353;49.8;182;No Failure
1024;L48203;L;296.2;307.3;1881;24.3;40;No Failure
4887;L52066;L;303.8;312.5;1372;45.7;180;No Failure
3852;H33265;H;302.2;310.9;1415;48.4;185;No Failure
1661;L48840;L;298.2;308;1499;44.1;166;No Failure
1232;M16091;M;297.2;308.5;1604;40.7;158;No Failure
4609;M19468;M;303;311.2;1519;38;139;No Failure
3430;H32843;H;301.5;310.5;1551;34.3;166;No Failure
7749;L54928;L;300.4;311.7;1515;47.4;170;No Failure
3122;L50301;L;300.1;309.4;2141;17.9;33;No Failure
2290;L49469;L;299.4;308.7;1504;37.8;112;No Failure
8828;L56007;L;297.2;308.7;1463;49.9;146;No Failure
9714;L56893;L;299.1;310.2;1496;45;104;No Failure
5416;M20275;M;302.6;312.4;1410;50.3;33;No Failure
3067;M17926;M;300.1;309.2;1457;44.3;98;No Failure
5004;L52183;L;303.7;312.8;1437;51.3;42;No Failure
7486;L54665;L;300.3;311.6;1595;38.8;154;No Failure
5200;L52379;L;303.8;312.8;1503;40;154;No Failure
2715;M17574;M;299.6;309.1;1366;55.2;95;No Failure
7539;M22398;M;300.2;311.4;1450;38.5;68;No Failure
8413;M23272;M;298.6;309.7;1314;49.7;136;No Failure
4540;L51719;L;302.5;310.3;1592;32.6;174;No Failure
8352;M23211;M;298.7;309.6;1686;26.2;189;No Failure
4762;H34175;H;303.7;311.9;1332;52.7;66;Heat Dissipation Failure
2843;L50022;L;300.3;309.3;1345;53.5;192;No Failure
5338;M20197;M;303.3;312.6;1482;44.4;73;No Failure
5899;L53078;L;301;310.7;1300;57.2;174;No Failure
1065;M15924;M;296.8;307.9;1409;44.3;145;No Failure
8729;M23588;M;297.2;308.7;1398;38.1;88;No Failure
9356;L56535;L;298.3;308.9;1708;28;42;No Failure
7087;L54266;L;300.6;310.4;2514;13.4;215;No Failure
7691;M22550;M;300.5;311.6;1577;36.5;4;No Failure
4043;L51222;L;302;310.9;1564;39;15;No Failure
6251;L53430;L;300.8;310.2;1520;37.7;193;No Failure
889;M15748;M;295.6;306.1;1651;28.1;110;No Failure
2194;M17053;M;299.5;308.9;1448;42.9;74;No Failure
5759;L52938;L;301.9;311.3;1501;40.8;59;No Failure
8452;L55631;L;298.5;310;1435;42.5;25;No Failure
7899;L55078;L;300.8;312.5;1423;47.3;123;No Failure
2937;M17796;M;300.9;309.7;1394;48.8;192;No Failure
8610;L55789;L;297.4;308.3;1475;40.5;222;Tool Wear Failure
3867;L51046;L;302.6;311.6;1311;53.2;0;No Failure
1246;M16105;M;297.1;308.4;1588;33.4;204;No Failure
2508;H31921;H;299.2;309.1;1410;47.1;9;No Failure
882;L48061;L;295.7;306.2;1464;46.2;92;No Failure
629;M15488;M;298.4;310.1;1335;57.8;96;No Failure
2777;L49956;L;300.1;309.4;1453;47.6;28;No Failure
3849;L51028;L;302.3;310.9;1720;28.1;178;No Failure
6555;M21414;M;301.4;310.7;1639;29.8;127;No Failure
2810;L49989;L;299.9;309.2;1598;34.6;111;No Failure
6926;M21785;M;301.1;311.6;1266;55.5;210;No Failure
3298;L50477;L;301.2;310.3;1548;38.6;59;No Failure
5581;M20440;M;302.6;312.2;1458;38.8;34;No Failure
9609;M24468;M;298.9;310.1;1513;41.5;80;No Failure
9046;L56225;L;297.4;308.4;1603;34.6;65;No Failure
7952;M22811;M;300.9;311.8;1843;24.5;25;No Failure
4472;L51651;L;302.8;310.6;1670;29.1;2;No Failure
2498;M17357;M;299.2;308.9;1521;42.3;215;No Failure
2878;M17737;M;300.5;309.4;1655;32.1;37;No Failure
9366;M24225;M;298;308.6;1254;55.8;65;No Failure
2484;M17343;M;298.9;308.7;1402;49.8;167;No Failure
7595;L54774;L;300.6;311.3;1531;38.5;0;No Failure
3276;H32689;H;301.3;310;1532;36.3;2;No Failure
1248;L48427;L;297.2;308.5;1513;42.9;212;No Failure
7813;L54992;L;300;311.5;1666;32;128;No Failure
9694;L56873;L;298.9;310;1693;28.8;56;No Failure
2993;M17852;M;300.5;309.7;1685;29.4;140;No Failure
9759;L56938;L;298.6;309.8;2271;16.2;218;Tool Wear Failure
3712;L50891;L;302.2;311.5;1543;38.5;37;No Failure
7021;L54200;L;300.8;310.8;1460;53.8;41;No Failure
8609;L55788;L;297.4;308.4;1369;50.6;220;Overstrain Failure
7830;L55009;L;299.8;311.2;1664;28.3;173;No Failure
5347;L52526;L;303.4;312.7;1534;35.5;98;No Failure
1692;L48871;L;297.9;307.5;1602;38.3;21;No Failure
108;M14967;M;298.8;308.8;1497;46.8;72;No Failure
4835;M19694;M;303.4;311.9;1510;42.2;36;No Failure
1199;H30612;H;296.9;307.9;1557;36.5;63;No Failure
5129;L52308;L;304.2;313.4;1434;42.5;175;No Failure
116;L47295;L;298.8;308.6;1431;45.7;97;No Failure
3376;M18235;M;301.4;310.6;1459;46.9;27;No Failure
9054;M23913;M;297.4;308.5;1638;32.2;84;No Failure
5525;L52704;L;302.6;311.9;1633;30.9;89;No Failure
2706;L49885;L;299.7;309.2;1326;64.8;71;No Failure
5490;L52669;L;302.6;312.1;1499;35;215;Random Failures
3489;L50668;L;301.9;310.9;1379;54.8;99;No Failure
6005;L53184;L;300.5;310.4;1761;26.5;12;No Failure
2439;M17298;M;299.1;308.4;1330;53.6;62;No Failure
7996;L55175;L;301;312.2;1776;28.8;138;No Failure
6105;M20964;M;300.8;310.8;1461;41.3;53;No Failure
6578;L53757;L;301.4;310.4;1388;45.3;188;No Failure
5571;M20430;M;302.4;312.1;1492;47.7;7;No Failure
365;L47544;L;297.6;308.4;1407;55.2;86;No Failure
9237;L56416;L;298.1;308.7;1556;31.6;145;No Failure
8603;L55782;L;297.4;308.1;1729;31.7;204;No Failure
5014;M19873;M;303.8;312.9;1594;35.2;69;No Failure
2070;H31483;H;299.7;309.6;1553;41;179;No Failure
9732;L56911;L;298.8;310;1389;49.6;149;No Failure
1833;M16692;M;297.8;307.4;1330;51.7;183;No Failure
4398;L51577;L;302.4;310.2;1539;37.7;29;No Failure
1186;L48365;L;297.3;308.4;1491;46.5;29;No Failure
2601;L49780;L;299.3;309;1422;47.3;25;No Failure
2157;M17016;M;299.4;308.9;1457;41.5;201;No Failure
2896;M17755;M;300.7;309.6;1473;48.1;87;No Failure
5119;M19978;M;304.2;313.6;1512;33.4;146;No Failure
4226;L51405;L;302.1;310.7;1359;49.3;41;Heat Dissipation Failure
2988;M17847;M;300.6;309.8;1659;28.9;127;No Failure
9951;L57130;L;298.1;307.8;1413;54.1;113;No Failure
7545;L54724;L;300.2;311.4;1425;44.2;84;No Failure
5317;M20176;M;303.6;312.8;1689;33.1;16;No Failure
5970;M20829;M;300.4;310.8;1491;35.9;148;No Failure
2549;M17408;M;299.3;309.2;1440;37.5;111;No Failure
8637;L55816;L;297.5;308.4;1723;27.3;67;No Failure
9543;L56722;L;299.6;310.9;1716;28.5;117;No Failure
2228;L49407;L;299.5;308.8;1965;20.4;164;No Failure
221;L47400;L;298.3;308.5;1416;52.7;151;No Failure
4030;H33443;H;302;310.9;1679;29;222;No Failure
7647;L54826;L;300.4;311.4;1936;23.9;131;No Failure
868;H30281;H;295.9;306.5;1594;33.2;55;No Failure
4343;M19202;M;301.7;309.8;1284;68.2;111;Power Failure
3280;L50459;L;301.2;309.9;1382;52.4;13;No Failure
6308;L53487;L;301;310.3;1617;34.5;126;No Failure
2001;L49180;L;298.4;308.1;1279;53.1;9;No Failure
1356;M16215;M;298.6;310;1681;35.5;44;No Failure
7467;H36880;H;300.3;311.6;1801;23.6;97;No Failure
3572;M18431;M;301.7;310.6;1691;27.7;105;No Failure
7775;L54954;L;300.3;311.5;1634;31.9;36;No Failure
3750;L50929;L;302.4;311.1;1652;33.9;139;No Failure
3117;L50296;L;300;309.2;1566;34.4;18;No Failure
5573;L52752;L;302.4;312;1545;36.4;12;No Failure
1575;L48754;L;298.2;308.2;1478;50.1;166;No Failure
5010;L52189;L;303.7;312.8;1523;40.7;59;No Failure
3896;M18755;M;302.3;311.2;1546;40;71;No Failure
9562;L56741;L;299.6;310.9;1853;26.3;166;No Failure
530;L47709;L;297.6;309.5;1569;36.2;63;No Failure
5452;L52631;L;303;312.7;1361;48.8;120;No Failure
5083;H34496;H;304.1;313.2;1590;43.4;52;No Failure
5627;H35040;H;302.7;312.1;1603;32.5;148;No Failure
962;L48141;L;295.8;306.5;1493;40.5;90;No Failure
1898;L49077;L;297.8;307.4;1418;41.2;155;No Failure
6028;M20887;M;300.7;311;1413;44.3;72;No Failure
9565;L56744;L;299.8;311.1;1820;24.9;174;No Failure
7040;H36453;H;300.6;310.5;1519;37;91;No Failure
371;M15230;M;297.5;308.3;1622;37.2;103;No Failure
8532;L55711;L;298.6;309.3;1449;46.5;26;No Failure
3046;L50225;L;300.2;309.4;1526;35.3;46;No Failure
4944;H34357;H;303.6;312.6;1436;42;110;No Failure
4498;L51677;L;302.5;310.3;1523;36;72;No Failure
4350;L51529;L;301.9;309.7;1595;31.4;133;No Failure
1417;M16276;M;298.7;309.9;2083;18.2;205;No Failure
1223;L48402;L;297;308.3;1399;59;135;No Failure
5257;L52436;L;303.5;313;1393;51.6;80;No Failure
9938;L57117;L;298.3;308.1;1505;46.1;80;No Failure
3309;L50488;L;301.4;310.4;1433;43.4;86;No Failure
9839;L57018;L;298.4;309.2;1425;45.5;11;No Failure
2468;M17327;M;298.9;308.6;1574;33.5;128;No Failure
6769;H36182;H;301.3;310.8;1434;39.5;18;No Failure
7967;L55146;L;301;312.2;1602;35.9;67;No Failure
7035;H36448;H;300.6;310.6;1830;26.2;78;No Failure
4138;L51317;L;301.7;310.1;1384;50.5;38;No Failure
7679;M22538;M;300.6;311.7;1389;52.1;210;No Failure
5784;H35197;H;301.8;311.1;1543;36.4;120;No Failure
1345;L48524;L;298.5;310.1;1809;28.9;20;No Failure
8881;L56060;L;298;309.2;1458;39.8;87;No Failure
8808;M23667;M;297.4;308.6;1604;32.8;85;No Failure
9529;M24388;M;299.1;310.3;1233;59;81;No Failure
8964;M23823;M;297.2;307.9;1687;30.4;82;No Failure
2011;L49190;L;298.6;308.3;1278;60.5;32;No Failure
9422;M24281;M;298.1;308.5;1382;54.5;17;No Failure
9735;H39148;H;298.9;310.1;1458;44.3;156;No Failure
3898;M18757;M;302.2;311.1;1640;32.8;77;No Failure
2573;M17432;M;299.4;309.1;1352;44.7;172;No Failure
7045;M21904;M;300.7;310.6;1505;35.6;105;No Failure
4183;L51362;L;302.4;310.7;1362;54.8;155;Heat Dissipation Failure
8712;L55891;L;297.1;308.5;1733;28.7;50;No Failure
5887;L53066;L;301.4;311.1;1494;41.9;142;No Failure
780;L47959;L;296.8;308;1666;29.8;41;No Failure
2346;L49525;L;299.2;308.4;1475;38.7;22;No Failure
4193;M19052;M;302.5;311;1463;43.1;181;No Failure
8122;L55301;L;300.2;311.6;1827;27;22;No Failure
565;H29978;H;297.6;309.6;1669;32.1;155;No Failure
342;M15201;M;297.4;308.2;1530;32.6;22;No Failure
2710;L49889;L;299.6;309.1;1641;35.8;81;No Failure
1261;L48440;L;297.6;309;1528;33.8;22;No Failure
8404;L55583;L;298.5;309.6;1462;45.1;115;No Failure
4369;L51548;L;302;310;1664;28.6;190;No Failure
6951;H36364;H;300.7;311.3;1374;53.1;66;No Failure
9595;L56774;L;299.1;310.3;1727;28.7;43;No Failure
6027;L53206;L;300.7;311;1403;48.3;70;No Failure
3604;L50783;L;301.7;310.7;1542;40;188;No Failure
6855;L54034;L;301;311.2;1511;42.9;26;No Failure
515;L47694;L;297.4;309.2;1620;33.2;28;No Failure
8838;M23697;M;297.5;309.1;1540;38.5;176;No Failure
2965;L50144;L;300.7;309.5;1692;30.3;64;No Failure
385;L47564;L;297.5;308.5;1712;26.8;136;No Failure
5879;L53058;L;301.4;311;1533;45.8;125;No Failure
4804;L51983;L;303.6;312.5;1710;31.4;180;No Failure
4483;H33896;H;302.7;310.5;1568;36.9;28;No Failure
3341;M18200;M;301.5;310.8;1452;44.1;157;No Failure
5052;L52231;L;303.9;313;1480;39.9;176;No Failure
3773;L50952;L;302.4;311.1;1448;44.8;195;No Failure
7371;M22230;M;299.6;310.1;1455;46.1;76;No Failure
8863;M23722;M;298;309.2;1558;41.7;35;No Failure
9741;M24600;M;298.9;310.1;1655;31.5;172;No Failure
2811;L49990;L;299.8;309.1;1772;24.8;113;No Failure
6540;L53719;L;301.4;310.7;1436;54.1;90;No Failure
7585;L54764;L;300.4;311.2;1472;37.3;187;No Failure
8112;M22971;M;300.4;311.8;1553;33.1;209;Tool Wear Failure
4907;H34320;H;303.6;312.4;1436;45.6;9;No Failure
7845;L55024;L;300.1;311.7;1503;42.6;208;No Failure
3881;L51060;L;302.5;311.6;1595;29.5;35;No Failure
8471;L55650;L;298.7;309.9;1464;38;74;No Failure
978;L48157;L;296;306.7;1917;21;127;No Failure
403;L47582;L;297.4;308.6;1678;32.3;180;No Failure
2994;M17853;M;300.5;309.8;1370;55.9;143;No Failure
472;H29885;H;297.3;308.8;1419;42.4;139;No Failure
8036;L55215;L;300.7;311.7;1910;19.7;13;No Failure
372;L47551;L;297.5;308.4;1604;38.1;106;No Failure
2222;L49401;L;299.6;309;1372;60.4;149;No Failure
8457;L55636;L;298.6;309.9;1556;38.6;36;No Failure
1033;L48212;L;296.3;307.4;1648;34;60;No Failure
4520;L51699;L;302.4;310.4;1666;29.7;125;No Failure
9882;L57061;L;298.8;309.8;1493;38.5;132;No Failure
7408;H36821;H;299.8;310.9;1427;47.2;168;No Failure
9192;M24051;M;297.9;309;1970;21.6;37;No Failure
7116;M21975;M;301;310.6;1460;53.6;74;No Failure
6361;L53540;L;300.1;309.7;1441;40.1;46;No Failure
9613;M24472;M;299;310.2;1625;31.8;89;No Failure
3806;M18665;M;302.4;311;1580;36.5;64;No Failure
6859;L54038;L;301;311.2;1467;45.4;36;No Failure
2588;L49767;L;299;308.7;2248;16.8;204;No Failure
1920;L49099;L;298.2;308;1658;30;3;No Failure
5913;M20772;M;300.7;310.3;1659;29.8;6;No Failure
8669;L55848;L;297.5;308.8;1502;45.9;150;No Failure
3143;L50322;L;300.6;310;1658;34.7;88;No Failure
5147;L52326;L;304.4;313.6;1585;38.9;9;No Failure
4438;L51617;L;302.4;310.2;1578;31.2;139;No Failure
9757;L56936;L;298.6;309.8;1597;35.9;213;No Failure
4058;L51237;L;302;310.9;1495;38.6;52;No Failure
1337;L48516;L;298.9;310.3;1583;32.6;230;No Failure
8109;M22968;M;300.3;311.8;1607;33.7;199;No Failure
4888;L52067;L;303.7;312.5;1481;33.3;182;No Failure
8378;L55557;L;298.8;309.7;1336;50.3;44;No Failure
8522;L55701;L;298.4;309.5;1376;50.4;202;No Failure
527;L47706;L;297.6;309.5;1373;50.6;55;No Failure
8696;M23555;M;297.2;308.6;1498;44.4;9;No Failure
9774;L56953;L;298.5;309.4;1560;37.9;37;No Failure
3848;M18707;M;302.3;311;1450;45.7;175;No Failure
2320;M17179;M;299.2;308.8;1700;33.5;185;No Failure
6983;L54162;L;300.7;311.1;1440;43;148;No Failure
3904;H33317;H;302.2;311.1;1476;39.6;96;No Failure
8937;L56116;L;297.4;308.3;1465;42;13;No Failure
4191;H33604;H;302.4;310.9;1444;40.7;174;No Failure
2751;H32164;H;299.7;309.2;1456;40.6;182;No Failure
6337;L53516;L;300.4;309.8;1395;48.1;201;No Failure
7874;L55053;L;300.7;312.4;1470;38.6;56;No Failure
9511;M24370;M;299.2;310.4;1504;43.3;37;No Failure
7007;H36420;H;300.6;310.6;1419;39.6;3;No Failure
3655;L50834;L;302.1;311.4;1603;35.9;104;No Failure
5537;M20396;M;302.3;311.8;1363;54;119;No Failure
8784;M23643;M;297.6;308.6;1254;45.8;31;No Failure
809;L47988;L;296.9;307.7;1424;43.3;120;No Failure
5803;L52982;L;301.4;310.8;1490;38;168;No Failure
1244;M16103;M;297.1;308.4;1432;53.4;199;No Failure
2585;L49764;L;299.1;308.8;1502;46.7;197;No Failure
2477;H31890;H;298.9;308.4;1449;42.4;149;No Failure
9708;L56887;L;299;310.1;1699;32.9;87;No Failure
7794;L54973;L;300.1;311.5;1434;40.8;80;No Failure
9379;L56558;L;297.6;308.3;1816;28.8;106;No Failure
1868;L49047;L;298.1;307.9;1502;41.8;79;No Failure
7746;L54925;L;300.4;311.7;1460;39.6;162;No Failure
1713;L48892;L;298.3;307.9;1551;33.8;72;No Failure
7503;H36916;H;300.3;311.7;1655;29.9;193;No Failure
4009;M18868;M;302.2;311.2;1471;41.9;166;No Failure
801;M15660;M;297;307.9;1882;24.2;97;No Failure
412;L47591;L;297.5;308.7;1429;44.3;201;No Failure
1881;L49060;L;298.1;307.7;1705;29.1;109;No Failure
3668;L50847;L;302.3;311.6;1665;34.3;139;No Failure
7296;M22155;M;300.1;310.5;1329;57.4;99;No Failure
557;L47736;L;297.5;309.4;1357;50.1;137;No Failure
1656;M16515;M;298.2;308;1577;35.9;151;No Failure
9755;M24614;M;298.5;309.7;1552;34;205;No Failure
376;L47555;L;297.4;308.2;1533;37.4;115;No Failure
2317;L49496;L;299.2;308.8;1542;39.2;179;No Failure
5242;L52421;L;303.7;313.1;1683;28.4;46;No Failure
1906;L49085;L;297.9;307.6;1687;29.1;176;No Failure
8243;M23102;M;299;310.3;1689;29.7;101;No Failure
5194;H34607;H;304;313.1;1408;39.8;132;No Failure
8434;M23293;M;298.8;310.1;1501;48.7;192;No Failure
570;M15429;M;297.7;309.6;1596;35.2;173;No Failure
4809;L51988;L;303.5;312.3;1404;48.6;193;No Failure
8406;M23265;M;298.4;309.5;1484;41.7;119;No Failure
3754;L50933;L;302.2;311;1463;46.8;150;No Failure
6435;M21294;M;300.3;309.9;1494;38.5;33;No Failure
78;L47257;L;298.8;308.9;1455;41.3;208;Tool Wear Failure
6261;L53440;L;301.1;310.7;1436;45.3;8;No Failure
3268;L50447;L;301.3;310;1550;41.5;197;No Failure
1266;L48445;L;297.9;309.4;1558;35.7;39;No Failure
6687;L53866;L;301.7;311;1715;24.8;17;No Failure
3875;L51054;L;302.6;311.7;1254;54.1;19;No Failure
6000;M20859;M;300.4;310.2;1671;30.5;234;Tool Wear Failure
7676;L54855;L;300.5;311.6;1447;45.4;204;No Failure
8866;L56045;L;297.9;309;1290;49.8;43;No Failure
5078;L52257;L;304.3;313.3;1775;24.9;39;No Failure
7675;L54854;L;300.5;311.6;1509;47.2;202;No Failure
7382;L54561;L;299.7;310.3;1495;43.1;101;No Failure
9542;M24401;M;299.5;310.8;1754;31.3;114;No Failure
6058;L53237;L;300.8;310.8;1689;32.9;151;No Failure
5069;M19928;M;304.3;313.3;1540;39;14;No Failure
9034;L56213;L;297.4;308.2;1386;41;35;No Failure
2033;L49212;L;298.8;308.5;1444;42.2;83;No Failure
1789;L48968;L;298.3;308;1442;47.3;65;No Failure
4490;L51669;L;302.5;310.4;1487;40.2;48;No Failure
7553;L54732;L;300.3;311.3;1525;40.7;105;No Failure
2017;L49196;L;298.5;308.3;1458;44;44;No Failure
4149;L51328;L;301.9;310.3;1972;21.3;67;No Failure
9336;L56515;L;298.4;308.9;1501;50;203;No Failure
6549;L53728;L;301.4;310.8;1770;24.1;112;No Failure
3628;L50807;L;302.2;311.5;1588;30.6;39;No Failure
7583;H36996;H;300.4;311.2;1489;45.3;180;No Failure
1825;L49004;L;298.1;307.5;1391;57.4;161;No Failure
8432;H37845;H;298.9;310.1;1324;54.6;185;No Failure
7171;M22030;M;300.3;310.2;1442;39.5;4;No Failure
5772;L52951;L;301.6;311.2;1525;43.7;91;No Failure
6220;H35633;H;301.1;310.6;1407;43.9;111;No Failure
3649;M18508;M;302.2;311.5;1443;47;90;No Failure
9988;M24847;M;298.8;308.6;1500;37.1;210;No Failure
6090;L53269;L;300.9;310.7;1509;37.5;12;No Failure
8521;M23380;M;298.3;309.5;1543;49.9;199;No Failure
7220;M22079;M;299.8;309.7;1556;37.7;124;No Failure
7398;L54577;L;299.7;310.6;1737;26.1;144;No Failure
6083;L53262;L;300.9;310.7;1352;46.4;212;No Failure
405;L47584;L;297.3;308.6;1297;45.9;184;No Failure
4583;L51762;L;302.9;311.2;1634;36.9;71;No Failure
3580;L50759;L;301.8;310.6;2672;11.8;124;Power Failure
7160;L54339;L;300.1;310;1511;41.7;186;No Failure
7698;L54877;L;300.5;311.4;1400;45.1;29;No Failure
2403;L49582;L;299.2;308.7;1325;51;171;No Failure
3883;L51062;L;302.5;311.6;1419;43.7;39;No Failure
678;L47857;L;297.9;309.2;1478;39.7;10;No Failure
5856;M20715;M;301.2;310.9;1424;45.2;68;No Failure
5676;M20535;M;302.3;311.7;1453;42.5;56;No Failure
1758;M16617;M;298.1;307.4;1335;56.2;190;No Failure
1172;H30585;H;297;308.1;1517;41.4;222;No Failure
3731;M18590;M;302.3;311.2;1405;47.7;88;No Failure
5160;L52339;L;304.2;313.4;1490;44;41;No Failure
9879;L57058;L;298.7;309.7;1293;59.1;125;No Failure
6281;M21140;M;301.2;310.7;1527;41.1;53;No Failure
7976;M22835;M;301.2;312.3;1548;38.3;87;No Failure
28;H29441;H;299.1;309.4;1811;24.6;77;No Failure
3908;M18767;M;302.3;311.2;1842;23.9;111;No Failure
9647;L56826;L;299.4;310.4;1582;31.7;181;No Failure
4863;L52042;L;303.5;312.1;1326;55.7;114;No Failure
8631;L55810;L;297.4;308.4;1371;57.4;52;No Failure
8202;M23061;M;299.3;310.9;1826;25.1;2;No Failure
6443;L53622;L;300.7;310.2;1348;54.8;50;No Failure
1001;L48180;L;296.3;307.1;1654;29.6;188;No Failure
9671;L56850;L;299;310.2;1690;30.7;244;No Failure
4382;L51561;L;301.9;309.6;1446;43.2;225;No Failure
6432;L53611;L;300.2;309.8;1353;59.4;26;No Failure
8852;M23711;M;297.7;308.9;1573;35.1;9;No Failure
2919;M17778;M;300.6;309.5;1492;34;144;No Failure
1161;H30574;H;297;307.7;1834;23.8;195;No Failure
6773;L53952;L;301.3;310.7;1536;39.3;31;No Failure
5344;L52523;L;303.5;312.8;1607;38.4;92;No Failure
4880;H34293;H;303.7;312.5;1520;35.6;154;No Failure
1910;L49089;L;298;307.7;1435;45.6;184;No Failure
5654;L52833;L;302.4;311.7;1495;36.8;215;No Failure
8343;L55522;L;298.7;309.7;1510;40.6;162;No Failure
3884;M18743;M;302.4;311.4;1534;40.1;41;No Failure
7307;L54486;L;300.1;310.5;1356;45.8;126;No Failure
9259;H38672;H;298.3;309;1379;43.2;0;No Failure
2522;L49701;L;298.8;308.6;1584;34.4;42;No Failure
7542;M22401;M;300.3;311.5;1528;40.9;76;No Failure
9627;M24486;M;299;310;1341;58.9;126;No Failure
5265;L52444;L;303.4;312.8;1376;53.4;98;No Failure
1933;M16792;M;298.1;308;1686;29.3;35;No Failure
2913;L50092;L;300.7;309.6;1661;30.3;129;No Failure
5149;L52328;L;304.4;313.6;1507;43.1;13;No Failure
6444;L53623;L;300.8;310.3;1537;33.3;52;No Failure
5991;M20850;M;300.7;310.7;1343;51.6;211;No Failure
6316;M21175;M;301;310.4;1517;46.1;145;No Failure
3815;M18674;M;302.1;310.6;1326;59.1;88;Heat Dissipation Failure
927;L48106;L;295.6;306.1;1372;55.6;215;Overstrain Failure
9149;L56328;L;297.6;308.6;1393;40.4;127;No Failure
2433;L49612;L;298.9;308.2;1510;43.5;46;No Failure
8312;M23171;M;298.8;310;1295;52.7;74;No Failure
1855;M16714;M;297.6;307.2;1470;42.6;44;No Failure
7117;L54296;L;301;310.5;1601;33.2;77;No Failure
9274;H38687;H;298.2;308.7;1520;35.7;40;No Failure
6284;L53463;L;301.3;310.8;1719;29.5;62;No Failure
5518;L52697;L;302.6;311.9;1448;49.5;72;No Failure
6959;L54138;L;300.6;311;1563;40.7;87;No Failure
3685;L50864;L;302;311.2;1270;65.3;182;Overstrain Failure
6172;L53351;L;300.8;310.6;1416;42.2;225;No Failure
1841;M16700;M;297.7;307.2;1405;43.7;2;No Failure
1532;H30945;H;298.1;309;1438;41.4;60;No Failure
8041;L55220;L;300.8;311.9;1498;39.3;23;No Failure
1346;L48525;L;298.5;310;1804;26.1;22;No Failure
7166;L54345;L;300.2;310.1;1392;47.9;201;No Failure
9001;L56180;L;297;307.9;1493;46.1;173;No Failure
9156;L56335;L;297.5;308.5;1340;57.4;143;No Failure
5334;M20193;M;303.5;312.6;1405;51.6;62;No Failure
8984;M23843;M;297;307.7;1261;51.1;130;No Failure
5393;L52572;L;302.8;312.2;1481;40.2;230;No Failure
2013;L49192;L;298.6;308.4;1397;46.4;36;No Failure
3417;L50596;L;301.5;310.5;1435;44.6;135;No Failure
1470;L48649;L;298.6;309.8;1497;41.6;118;No Failure
5109;L52288;L;303.9;313.3;1394;51.6;121;No Failure
4338;L51517;L;301.6;309.9;1440;43.4;100;No Failure
8658;L55837;L;297.4;308.4;1421;46;124;No Failure
479;L47658;L;297.4;309;1833;22.6;161;No Failure
2945;L50124;L;300.7;309.6;1505;34.9;7;No Failure
826;L48005;L;296.6;307.3;1474;40;158;No Failure
6840;L54019;L;301.2;311.2;1558;34.1;204;No Failure
9181;L56360;L;297.9;309.1;1507;36.9;13;No Failure
5599;L52778;L;302.8;312.1;1441;52.1;79;No Failure
6476;L53655;L;300.5;309.7;1560;30.2;139;No Failure
7801;M22660;M;300.1;311.4;1524;40.6;98;No Failure
8344;H37757;H;298.8;309.8;1437;48.2;164;No Failure
4521;L51700;L;302.4;310.4;1456;47.6;127;No Failure
511;L47690;L;297.5;309.3;1564;37.5;20;No Failure
7989;L55168;L;301.1;312.3;1486;34.9;122;No Failure
1083;H30496;H;297.1;307.9;1420;39.8;192;No Failure
5550;H34963;H;302.3;311.9;1374;52.4;154;No Failure
73;L47252;L;298.9;309.1;1369;44.4;198;No Failure
1284;L48463;L;298.3;309.4;1356;45.4;96;No Failure
9450;M24309;M;298.1;308.8;1434;41.8;93;No Failure
7237;M22096;M;299.8;310;1460;37.1;169;No Failure
675;L47854;L;297.8;309;1456;41.2;0;No Failure
3421;L50600;L;301.6;310.6;1834;23.5;146;No Failure
9249;M24108;M;298.3;309.1;1488;40.6;176;No Failure
5507;L52686;L;302.9;312.2;1677;30.5;46;No Failure
757;L47936;L;296.8;308;1584;40.4;227;No Failure
5353;M20212;M;303.4;312.8;1590;36.3;113;No Failure
2609;L49788;L;299.5;309.3;1409;44.7;46;No Failure
7546;L54725;L;300.2;311.4;1891;22.6;86;No Failure
2543;H31956;H;299.2;308.9;1712;26.4;95;No Failure
4147;L51326;L;301.8;310.3;1482;41.4;63;No Failure
2782;L49961;L;300.2;309.5;2183;17.8;39;No Failure
847;M15706;M;296.4;307.4;1416;50;210;No Failure
6529;L53708;L;301.2;310.5;1546;40;55;No Failure
3506;L50685;L;301.6;310.8;1726;26.7;150;No Failure
4537;L51716;L;302.4;310.2;1351;45.1;168;Heat Dissipation Failure
2509;L49688;L;299;308.9;1615;30.6;14;No Failure
4220;L51399;L;301.9;310.7;1717;26.8;27;No Failure
9220;M24079;M;297.7;308.8;1350;57;105;No Failure
7047;M21906;M;300.7;310.5;1863;22.2;111;No Failure
2019;L49198;L;298.7;308.5;1375;46.4;48;No Failure
6827;L54006;L;301;310.9;1822;21.6;168;No Failure
5092;L52271;L;303.9;313.2;1345;48.2;77;No Failure
2354;L49533;L;299.2;308.4;1841;22.8;40;No Failure
940;L48119;L;295.5;306.1;1488;40.7;31;No Failure
5457;M20316;M;303.1;312.6;1567;32.9;132;No Failure
243;L47422;L;298;308.2;1348;58.8;202;Overstrain Failure
5394;L52573;L;302.8;312.3;1473;42.6;232;No Failure
3105;M17964;M;299.8;309.2;1678;29.8;202;No Failure
5748;L52927;L;302.1;311.5;1533;39.4;26;No Failure
3299;L50478;L;301.2;310.3;1499;38.1;61;No Failure
4211;L51390;L;302.1;310.8;1565;35.3;6;No Failure
951;L48130;L;295.6;306.2;1424;42.5;58;No Failure
2150;L49329;L;299.4;309;1613;32.2;178;No Failure
7111;M21970;M;300.8;310.4;1518;36;59;No Failure
7576;L54755;L;300.4;311.2;1471;46.5;164;No Failure
1257;M16116;M;297.5;308.9;1535;37.7;12;No Failure
6396;M21255;M;300.1;309.6;1376;52.1;147;No Failure
495;L47674;L;297.6;309.4;1326;49.8;199;No Failure
3488;M18347;M;301.8;310.8;1508;38.8;96;No Failure
5982;M20841;M;300.7;310.7;1347;46.5;183;No Failure
8820;H38233;H;297.4;308.7;1349;48.9;120;No Failure
517;L47696;L;297.5;309.3;1732;29.9;32;No Failure
2387;L49566;L;299.1;308.4;1543;37.9;130;No Failure
6088;M20947;M;300.9;310.8;1599;33;7;No Failure
3734;L50913;L;302.2;311.1;1470;39.6;97;No Failure
2589;L49768;L;299;308.7;1706;28.6;206;No Failure
4027;M18886;M;302.1;311;1574;34.1;215;No Failure
2539;L49718;L;299.1;308.8;1429;50.1;84;No Failure
8009;L55188;L;300.8;311.9;1414;41.1;171;No Failure
7354;L54533;L;299.8;310.3;1687;30.4;33;No Failure
9487;M24346;M;298.9;309.6;1472;46;199;No Failure
997;M15856;M;296.3;307.2;1286;51.1;177;No Failure
4374;M19233;M;301.9;309.7;1533;35.9;204;No Failure
3873;L51052;L;302.7;311.9;1389;46.5;15;No Failure
1423;L48602;L;298.7;309.8;1530;35.5;0;No Failure
5042;L52221;L;304;313.2;1314;47.1;144;No Failure
5589;M20448;M;302.5;311.8;1566;37.6;54;No Failure
2510;L49689;L;299;308.9;1511;35.9;16;No Failure
6013;H35426;H;300.8;310.9;1425;44;33;No Failure
6462;L53641;L;300.6;310;1505;35.9;95;No Failure
5927;L53106;L;300.2;310.1;1440;51.1;41;No Failure
3507;H32920;H;301.6;310.8;1435;47.2;152;No Failure
6208;L53387;L;300.7;310.6;1447;40.7;82;No Failure
2627;L49806;L;299.7;309.4;1650;29.8;93;No Failure
9785;M24644;M;298.7;309.8;1435;48.8;71;No Failure
6267;L53446;L;300.8;310.4;1368;46.8;21;No Failure
4050;L51229;L;301.8;310.8;1505;41.2;33;No Failure
1921;L49100;L;298.1;307.9;2161;17.5;5;No Failure
5299;M20158;M;303.7;313.1;2130;18.1;185;No Failure
5685;H35098;H;302.2;311.6;1594;36.8;82;No Failure
1600;L48779;L;297.9;308;1490;46.2;6;No Failure
9022;M23881;M;297.4;308.2;1536;34.6;4;No Failure
8422;L55601;L;298.9;310.3;1496;36.3;161;No Failure
3436;L50615;L;301.5;310.5;1389;54.9;187;No Failure
2908;M17767;M;300.6;309.4;1581;35.7;117;No Failure
784;H30197;H;296.7;307.9;1579;33.4;50;No Failure
5724;M20583;M;302.3;311.8;1475;48;180;No Failure
4837;L52016;L;303.3;311.8;1315;62;42;Heat Dissipation Failure
4656;L51835;L;303.1;311.1;1854;22.6;19;No Failure
3545;M18404;M;301.9;310.9;1483;37;35;No Failure
8868;L56047;L;297.9;308.9;1566;41.9;50;No Failure
3861;L51040;L;302.6;311.5;1427;38.9;213;No Failure
6847;M21706;M;301.2;311.5;1498;49.5;3;No Failure
7624;L54803;L;300.6;311.7;1734;29.9;72;No Failure
2664;L49843;L;299.9;309.3;1620;31.1;196;No Failure
543;L47722;L;297.5;309.4;1803;24.7;98;No Failure
7468;H36881;H;300.3;311.6;1463;41.6;102;No Failure
5280;L52459;L;303.6;313;1522;35.8;133;No Failure
5270;L52449;L;303.5;312.9;1504;44.8;111;No Failure
7850;M22709;M;300.3;311.7;1374;47.9;222;Tool Wear Failure
4547;M19406;M;302.5;310.4;1429;43.2;191;No Failure
8590;M23449;M;297.3;307.8;1538;48;171;No Failure
307;L47486;L;297.8;308.4;1374;47.1;150;No Failure
4884;M19743;M;303.8;312.6;1684;29.3;167;No Failure
7309;L54488;L;300;310.4;1333;49.1;131;No Failure
4101;L51280;L;302;310.4;1895;23.2;161;No Failure
7041;L54220;L;300.7;310.6;1720;30.3;96;No Failure
9401;L56580;L;297.7;308.2;1446;43.9;172;No Failure
1099;M15958;M;296.9;307.4;1521;37.9;27;No Failure
7450;L54629;L;300.3;311.8;1418;45.9;53;No Failure
5848;L53027;L;301.4;311.3;1397;42.3;48;No Failure
738;H30151;H;296.9;308.3;1474;39.2;177;No Failure
1446;L48625;L;299;310.1;1618;29.2;62;No Failure
5959;L53138;L;300.6;310.8;1533;38.5;117;No Failure
4724;L51903;L;303.4;311.8;1366;50.9;200;Heat Dissipation Failure
2571;L49750;L;299.6;309.2;1713;26.5;167;No Failure
3912;M18771;M;302.3;311.3;1339;50.8;123;No Failure
9304;L56483;L;298.2;309;1491;38.3;121;No Failure
1728;M16587;M;298.3;307.7;1602;33.4;106;No Failure
6084;L53263;L;300.9;310.7;1389;50;214;No Failure
891;L48070;L;295.6;306;1370;52.4;115;No Failure
9479;L56658;L;298.8;309.6;1890;24;173;No Failure
8196;L55375;L;299.4;310.8;1376;53.9;215;Overstrain Failure
6770;L53949;L;301.2;310.8;1392;52.6;23;No Failure
5103;M19962;M;304.1;313.5;1587;33.6;108;No Failure
3335;M18194;M;301.6;310.8;1548;34.2;143;No Failure
1043;L48222;L;296.6;307.6;1542;37.4;88;No Failure
384;M15243;M;297.5;308.6;1842;27;133;No Failure
2999;L50178;L;300.5;309.7;1616;34.5;155;No Failure
3480;M18339;M;301.8;310.8;1619;31;76;No Failure
7966;L55145;L;301.1;312.3;1464;35.3;65;No Failure
5455;L52634;L;303;312.5;1461;40.2;127;No Failure
4155;M19014;M;302;310.4;1828;26.3;82;No Failure
5157;L52336;L;304.2;313.4;1482;41.4;32;No Failure
6861;L54040;L;301.1;311.2;1910;20.2;41;No Failure
5906;H35319;H;300.8;310.5;1582;31.1;193;No Failure
9721;M24580;M;298.9;309.9;1357;54.5;121;No Failure
7008;L54187;L;300.5;310.6;1499;45.2;8;No Failure
2752;L49931;L;299.7;309.1;1417;50.1;187;No Failure
6590;M21449;M;301.6;310.6;1553;38.9;0;No Failure
7812;M22671;M;300;311.4;1466;39;125;No Failure
7535;L54714;L;300;311.2;1418;47.3;60;No Failure
2674;L49853;L;299.8;309.4;1480;40.9;2;No Failure
1343;M16202;M;298.6;310.1;1596;33;15;No Failure
7068;M21927;M;300.8;310.7;1386;42.1;170;No Failure
9789;M24648;M;298.5;309.5;1535;39.8;87;No Failure
9970;L57149;L;298.4;308.1;1491;50;156;No Failure
9322;L56501;L;298.4;309.2;1335;53.5;168;No Failure
2315;L49494;L;299.2;308.9;1368;47.2;175;No Failure
7708;H37121;H;300.5;311.4;1679;27.5;59;No Failure
7441;L54620;L;300;311.4;1655;29.6;30;No Failure
5308;L52487;L;304;313.3;1530;34.8;211;No Failure
4217;L51396;L;301.9;310.7;1370;50.3;20;No Failure
6816;L53995;L;300.9;310.7;1427;44.1;141;No Failure
1059;L48238;L;296.7;307.8;1605;31.3;128;No Failure
8453;M23312;M;298.6;310;1512;37.5;27;No Failure
3186;L50365;L;300.1;309.3;1685;27.1;203;No Failure
3591;L50770;L;301.8;310.6;1403;46.8;151;No Failure
6585;L53764;L;301.5;310.5;1372;44;203;No Failure
790;M15649;M;296.9;308;1641;33.3;67;No Failure
5196;L52375;L;303.9;313;1551;36.8;140;No Failure
7403;M22262;M;299.8;310.8;1463;43.5;156;No Failure
4293;M19152;M;301.8;310.1;2372;13.9;205;Power Failure
7065;M21924;M;300.8;310.5;1696;29.7;162;No Failure
5303;L52482;L;303.9;313.1;1491;37.2;195;No Failure
8198;M23057;M;299.4;310.7;1492;45.7;219;No Failure
5847;L53026;L;301.4;311.3;1674;33.3;46;No Failure
9955;M24814;M;298.1;307.9;1446;42.8;121;No Failure
3091;H32504;H;300.1;309.3;1448;45.8;163;No Failure
8479;M23338;M;298.5;309.7;1354;60.8;96;No Failure
6873;L54052;L;301;311.3;1472;35.3;73;No Failure
1953;L49132;L;298;307.8;1266;60.5;81;No Failure
6493;M21352;M;300.8;309.9;1444;46;180;No Failure
3398;L50577;L;301.4;310.6;1648;30.7;90;No Failure
3357;L50536;L;301.6;310.8;1355;57.8;195;Overstrain Failure
2110;M16969;M;299.3;309;1496;43.4;67;No Failure
532;L47711;L;297.6;309.5;1549;34.9;68;No Failure
1184;L48363;L;297.3;308.4;1513;40.5;25;No Failure
956;L48135;L;295.6;306.3;1911;20.9;74;No Failure
354;H29767;H;297.5;308.3;1674;30;54;No Failure
2183;M17042;M;299.5;309.2;1314;61.8;45;No Failure
1497;L48676;L;298;308.7;1268;69.4;189;Power Failure
5230;H34643;H;303.9;313.1;1790;26.7;17;No Failure
225;L47404;L;298.3;308.6;1584;29.3;162;No Failure
3515;H32928;H;301.9;311;1430;49.8;174;No Failure
7677;L54856;L;300.6;311.7;1448;49.1;206;No Failure
8945;L56124;L;297.3;308.3;1471;38.2;37;No Failure
6426;L53605;L;300.3;309.9;1393;56.1;12;No Failure
9184;L56363;L;297.9;309.1;1543;36.6;20;No Failure
3475;M18334;M;301.9;310.8;1557;35.3;65;No Failure
6712;L53891;L;301.5;310.7;1426;46.1;81;No Failure
4588;M19447;M;302.8;311;1507;33.4;82;No Failure
1848;L49027;L;297.8;307.3;1412;50.7;24;No Failure
6249;L53428;L;300.8;310.1;1405;61.2;189;Power Failure
4022;H33435;H;302.1;310.9;1452;42.5;198;No Failure
989;H30402;H;296.3;307.1;1774;25.9;154;No Failure
5873;M20732;M;301.5;311;1504;42.6;109;No Failure
56;L47235;L;298.8;309.1;1512;40.7;156;No Failure
5716;H35129;H;302.2;311.9;1597;35.8;160;No Failure
8455;L55634;L;298.6;310;1522;40.3;32;No Failure
5532;M20391;M;302.3;311.7;1504;37.3;107;No Failure
4074;M18933;M;301.9;310.6;1412;46.5;89;No Failure
2761;L49940;L;299.8;309.2;1400;42.6;210;No Failure
9507;H38920;H;299.3;310.4;1548;41.6;25;No Failure
1662;M16521;M;298.2;308;1411;47.2;168;No Failure
2531;L49710;L;298.9;308.7;1438;51.7;64;No Failure
6077;L53256;L;301;310.9;1492;36.7;199;No Failure
5300;L52479;L;303.7;313.1;1355;49.1;188;No Failure
1778;H31191;H;298.6;308.2;1555;36.8;36;No Failure
5808;M20667;M;301.4;310.9;1489;38.9;179;No Failure
736;L47915;L;296.9;308.4;1557;32.4;173;No Failure
8569;L55748;L;297.9;308.6;1691;29.6;116;No Failure
3550;M18409;M;301.8;310.9;1299;60.4;48;No Failure
687;M15546;M;297.7;309;1504;40.4;35;No Failure
2838;L50017;L;300.3;309.1;1699;30.3;178;No Failure
1690;L48869;L;297.9;307.5;1561;37.7;16;No Failure
1647;M16506;M;297.9;307.7;1527;42.8;125;No Failure
8846;M23705;M;297.4;308.9;1348;59.1;201;No Failure
9413;L56592;L;298;308.5;1702;26.7;203;No Failure
338;L47517;L;297.6;308.3;1742;27.7;13;No Failure
3730;M18589;M;302.4;311.3;1312;61.5;85;No Failure
9448;M24307;M;298.1;308.9;1323;51.7;88;No Failure
666;L47845;L;297.5;308.9;1729;28.1;189;No Failure
4684;L51863;L;303.6;311.8;1736;32.9;99;No Failure
6826;L54005;L;301;310.9;1828;25.1;166;No Failure
3525;M18384;M;301.8;310.8;1365;48.2;199;No Failure
1441;M16300;M;298.8;309.9;1741;27.7;50;No Failure
1376;M16235;M;298.8;310.3;1528;37.1;99;No Failure
7488;L54667;L;300.3;311.7;1707;33.6;158;No Failure
2363;H31776;H;299.3;308.6;1520;41.4;67;No Failure
7944;L55123;L;300.8;311.7;1753;29;8;No Failure
6364;M21223;M;300;309.6;1618;36.2;53;No Failure
125;L47304;L;298.9;308.7;1727;29.4;116;No Failure
8310;M23169;M;298.7;310;1459;40.2;69;No Failure
234;L47413;L;298.2;308.4;1512;34.9;181;No Failure
8541;L55720;L;298.6;309.5;1687;29.3;47;No Failure
9958;L57137;L;298.1;307.8;1606;33;130;No Failure
8302;M23161;M;298.7;310.1;1644;34.1;46;No Failure
6505;M21364;M;301;310.1;1681;27.4;212;No Failure
3834;M18693;M;302.3;311;1541;36.6;143;No Failure
2135;L49314;L;299.3;309;1473;46.3;146;No Failure
6421;L53600;L;300.3;309.9;1518;36.4;0;No Failure
5789;L52968;L;301.8;311.5;1443;43.3;134;No Failure
4612;L51791;L;303;311.3;1365;56.2;146;Heat Dissipation Failure
2465;M17324;M;298.9;308.5;1534;42.9;121;No Failure
884;L48063;L;295.7;306.3;1490;34.3;97;No Failure
2807;L49986;L;300;309.3;1364;41.2;104;No Failure
3275;L50454;L;301.3;310;1665;31.4;0;No Failure
4950;M19809;M;303.8;312.7;1555;33.4;128;No Failure
1;M14860;M;298.1;308.6;1551;42.8;0;No Failure
9962;L57141;L;298.2;307.9;1399;54.9;139;No Failure
3474;M18333;M;301.8;310.8;1691;33.4;62;No Failure
6885;L54064;L;300.8;311.2;1492;39;109;No Failure
1040;L48219;L;296.7;307.7;1524;36.8;82;No Failure
6417;H35830;H;300.4;310.1;1484;38;198;No Failure
2373;M17232;M;299.3;308.5;1404;49.4;93;No Failure
7703;M22562;M;300.7;311.7;1701;30.8;44;No Failure
2088;L49267;L;299.5;309.3;1577;36.6;14;No Failure
1514;L48693;L;298.1;308.7;1568;32.9;10;No Failure
1479;L48658;L;298.3;309.4;1568;35.8;140;No Failure
7412;L54591;L;300;311.1;1425;47.8;179;No Failure
7183;L54362;L;300.3;310.3;2158;16.8;32;No Failure
9137;L56316;L;297.7;308.7;1694;29.1;102;No Failure
2170;L49349;L;299.5;309.1;1415;49.2;8;No Failure
5478;L52657;L;302.7;312.1;1763;26.5;184;No Failure
6507;H35920;H;301;310.1;1454;44.1;217;No Failure
7334;M22193;M;299.9;310.4;1367;53.3;201;No Failure
887;L48066;L;295.7;306.2;1458;40.6;103;No Failure
8916;L56095;L;297.1;308.3;1403;54.1;179;No Failure
3832;M18691;M;302.3;310.9;1742;29.7;137;No Failure
4418;L51597;L;302.6;310.4;1365;66.8;80;Power Failure
6221;L53400;L;301.1;310.8;1470;49.3;116;No Failure
4701;L51880;L;303.5;311.7;1620;31;141;No Failure
5635;M20494;M;302.6;312.2;1353;56.5;168;No Failure
1471;L48650;L;298.5;309.7;1437;42.6;120;No Failure
3277;L50456;L;301.3;310;1438;40.9;7;No Failure
7256;M22115;M;300.2;310.3;1704;29.4;221;No Failure
9185;L56364;L;298;309.2;1665;36.6;22;No Failure
619;H30032;H;298.2;310;1433;44.2;68;No Failure
7455;L54634;L;300.2;311.6;1446;47.3;66;No Failure
9684;M24543;M;299;310;1338;56.4;29;No Failure
6630;L53809;L;301.6;310.5;1397;49.4;104;No Failure
5113;M19972;M;304.1;313.6;1441;43.7;131;No Failure
1046;H30459;H;296.4;307.5;1403;52.8;94;No Failure
4414;M19273;M;302.7;310.5;1398;47.3;70;No Failure
7593;M22452;M;300.5;311.2;1551;36.6;205;No Failure
1660;L48839;L;298.1;308;1697;31;164;No Failure
6536;H35949;H;301.2;310.5;1505;43.6;78;No Failure
9380;L56559;L;297.5;308.2;1419;48.5;108;No Failure
9490;L56669;L;298.9;309.7;1407;41.9;207;No Failure
4491;L51670;L;302.5;310.4;1967;20.3;50;No Failure
755;M15614;M;296.9;308.1;1483;44.3;219;No Failure
8273;L55452;L;298.9;310.6;1363;52.6;190;No Failure
2443;M17302;M;299.1;308.4;1332;51.7;71;No Failure
5075;L52254;L;304.1;313.1;1666;34.6;33;No Failure
1645;L48824;L;298;307.8;1622;33.3;121;No Failure
2016;L49195;L;298.5;308.2;1301;66.3;42;Power Failure
8526;L55705;L;298.3;309.4;1378;52.3;12;No Failure
5942;L53121;L;300.6;310.7;1438;48.5;78;No Failure
5909;M20768;M;300.8;310.3;1526;36.3;205;No Failure
858;M15717;M;296.1;307.1;1350;53.3;22;No Failure
5993;L53172;L;300.7;310.6;1288;47.2;216;No Failure
2528;L49707;L;298.8;308.5;1450;50.8;57;No Failure
7006;M21865;M;300.6;310.7;1339;52.9;0;No Failure
4412;L51591;L;302.5;310.3;1688;31.6;66;No Failure
6181;L53360;L;301;310.9;1492;44.6;15;No Failure
2981;L50160;L;300.4;309.5;1447;39.3;110;No Failure
4447;L51626;L;302.5;310.3;1584;35.5;158;No Failure
6065;L53244;L;301.1;311.1;1889;23.8;170;No Failure
7608;M22467;M;300.5;311.3;1468;41.1;34;No Failure
6295;L53474;L;301.1;310.5;1529;38.7;91;No Failure
5312;H34725;H;303.7;312.9;1460;49.8;2;No Failure
6704;M21563;M;301.5;310.7;1744;28.2;61;No Failure
414;L47593;L;297.4;308.4;1573;34.5;205;No Failure
1729;L48908;L;298.3;307.7;1465;49.4;109;No Failure
5824;L53003;L;301.2;311;1544;39.3;217;No Failure
5663;L52842;L;302.2;311.5;1616;34;19;No Failure
674;L47853;L;297.6;308.9;1449;47.7;209;No Failure
265;L47444;L;298.1;308.2;1390;47.5;33;No Failure
5968;L53147;L;300.4;310.8;1390;52.5;144;No Failure
1834;L49013;L;297.8;307.3;1327;61;186;Overstrain Failure
9597;L56776;L;298.9;310.1;1466;43.4;50;No Failure
7865;L55044;L;300.5;311.9;1330;59.5;33;No Failure
1627;M16486;M;297.9;307.8;1303;59.3;75;No Failure
6633;L53812;L;301.4;310.4;1301;51.2;112;No Failure
959;L48138;L;295.8;306.4;1399;47.6;84;No Failure
2417;L49596;L;299;308.4;1571;38.6;5;No Failure
8821;L56000;L;297.3;308.7;1551;40;125;No Failure
5974;L53153;L;300.5;310.8;1354;51.8;157;No Failure
3747;H33160;H;302.5;311.3;1393;47.5;130;No Failure
1523;H30936;H;298.2;309;1562;37.7;36;No Failure
4274;L51453;L;302.6;310.8;1486;36.4;160;No Failure
2451;L49630;L;299.2;308.7;1492;37.8;91;No Failure
2182;H31595;H;299.5;309.1;1548;44.3;40;No Failure
5673;H35086;H;302.1;311.6;1701;26.2;46;No Failure
3274;M18133;M;301.3;309.9;1565;36;213;No Failure
4257;M19116;M;302.6;311;1591;33.9;119;No Failure
8400;L55579;L;298.6;309.7;1294;59.4;104;No Failure
1405;M16264;M;298.9;310.1;1555;40.6;176;No Failure
4265;M19124;M;302.6;311;1542;39.7;141;No Failure
5175;M20034;M;304.2;313.5;1390;47.8;83;No Failure
3562;L50741;L;301.7;310.6;1486;38.5;78;No Failure
2686;L49865;L;299.8;309.4;1609;32.5;27;No Failure
6645;L53824;L;301.5;310.6;1565;43.9;142;No Failure
2476;L49655;L;298.9;308.5;1459;43.1;147;No Failure
542;L47721;L;297.4;309.4;1296;52.3;96;No Failure
6562;L53741;L;301.5;310.7;1596;35.4;150;No Failure
9728;L56907;L;298.8;309.8;1461;39.4;141;No Failure
1631;L48810;L;297.9;307.9;1412;44.5;85;No Failure
9859;L57038;L;298.5;309.5;1547;33.1;68;No Failure
2630;L49809;L;300;309.7;1586;37.8;103;No Failure
6764;M21623;M;301.4;310.8;1782;26.5;6;No Failure
8556;L55735;L;298.2;309;1596;37.2;87;No Failure
9158;L56337;L;297.5;308.5;1462;52.3;148;No Failure
2058;L49237;L;299.5;309.3;1520;42.3;149;No Failure
1119;L48298;L;296.5;307.5;1443;41.8;87;No Failure
2376;M17235;M;299.2;308.4;1476;32.7;101;No Failure
9079;L56258;L;297.3;308.1;1566;35.7;156;No Failure
4979;L52158;L;303.6;312.7;1429;47.7;198;No Failure
9575;H38988;H;299.7;310.8;1418;46.6;197;No Failure
2749;L49928;L;299.7;309.2;1631;35.1;177;No Failure
4876;L52055;L;303.7;312.4;1702;31.2;144;No Failure
3558;M18417;M;301.8;310.7;1309;43.3;68;No Failure
6577;L53756;L;301.5;310.5;1644;34.9;186;No Failure
7374;L54553;L;299.6;310.1;1553;38;83;No Failure
3691;L50870;L;302.1;311.3;1477;43.6;196;No Failure
1922;L49101;L;298.1;307.9;1665;32;7;No Failure
9359;L56538;L;298.2;308.7;1407;45.1;49;No Failure
4346;M19205;M;301.8;309.8;1546;39.8;121;No Failure
783;L47962;L;296.8;307.9;1698;30.8;48;No Failure
2521;L49700;L;298.8;308.6;1535;41.2;40;No Failure
2860;L50039;L;300.6;309.4;1549;43.4;233;No Failure
3433;M18292;M;301.6;310.7;2012;20.7;178;No Failure
160;L47339;L;298.4;308.2;1471;47;214;No Failure
3470;M18329;M;301.8;310.7;1429;47.9;53;No Failure
190;M15049;M;298.3;308.4;1539;43.4;69;No Failure
9410;L56589;L;298;308.5;1664;28.3;196;No Failure
4132;L51311;L;301.9;310.3;1485;46.3;24;No Failure
5615;H35028;H;303;312.2;1624;28.8;117;No Failure
2190;H31603;H;299.7;309.2;1554;41.6;62;No Failure
7208;M22067;M;299.7;309.6;1540;34.4;91;No Failure
7092;L54271;L;300.6;310.2;1318;51;8;No Failure
6107;L53286;L;300.9;311;1432;48.1;59;No Failure
4723;M19582;M;303.4;311.8;1391;42.7;197;No Failure
5351;M20210;M;303.4;312.8;1622;35.1;107;No Failure
7372;L54551;L;299.6;310.2;1512;44;79;No Failure
2649;L49828;L;299.8;309.4;1436;51.6;158;No Failure
475;L47654;L;297.4;309.1;1478;49.8;150;No Failure
7828;M22687;M;299.8;311.1;1452;44.3;167;No Failure
7384;M22243;M;299.7;310.4;1410;44.5;105;No Failure
1144;L48323;L;297;307.9;1479;39.2;151;No Failure
3166;L50345;L;300.4;309.6;1536;34.5;154;No Failure
4629;M19488;M;303;311.1;1597;36.7;191;No Failure
8656;L55835;L;297.3;308.3;1268;60.6;119;No Failure
5758;L52937;L;301.9;311.3;1366;55.6;57;No Failure
7541;M22400;M;300.2;311.3;1587;31.2;73;No Failure
3724;L50903;L;302.3;311.2;1758;24.4;68;No Failure
7487;L54666;L;300.3;311.7;1635;31.8;156;No Failure
1905;M16764;M;298;307.6;1569;35.6;173;No Failure
1832;M16691;M;297.8;307.3;1315;54;180;No Failure
4599;L51778;L;303.1;311.2;1399;49.2;111;No Failure
9874;L57053;L;298.9;309.8;1616;36.5;110;No Failure
881;M15740;M;295.8;306.3;1235;76.2;89;Power Failure
4858;L52037;L;303.7;312.3;1606;37.4;103;No Failure
1993;L49172;L;298.2;307.8;1375;46.6;188;No Failure
740;L47919;L;296.9;308.4;1390;41.8;184;No Failure
8537;M23396;M;298.6;309.5;1426;45.4;38;No Failure
4962;L52141;L;303.9;312.7;1800;24.3;158;No Failure
2188;M17047;M;299.8;309.4;1439;47.4;57;No Failure
1629;L48808;L;297.9;307.8;1451;38.2;80;No Failure
5918;L53097;L;300.6;310.2;1341;52.6;21;No Failure
3593;H33006;H;301.6;310.4;1369;45.4;156;No Failure
7239;L54418;L;299.8;310;1697;36;175;No Failure
406;L47585;L;297.3;308.5;1350;57.6;186;No Failure
538;H29951;H;297.4;309.3;1516;43;83;No Failure
950;L48129;L;295.6;306.3;1636;32.7;56;No Failure
9963;L57142;L;298.2;307.9;1429;49.4;141;No Failure
6160;L53339;L;301;311;1399;58;190;Overstrain Failure
1807;H31220;H;298;307.6;1593;32.2;118;No Failure
9232;L56411;L;298.2;309.1;1539;36.5;134;No Failure
2281;L49460;L;299.4;308.8;1390;57;92;No Failure
724;M15583;M;297.4;308.9;1500;46.3;137;No Failure
4309;H33722;H;301.4;309.9;1460;47.2;22;No Failure
6862;H36275;H;301.1;311.3;2207;16.6;43;No Failure
2192;L49371;L;299.6;309;1648;33.6;70;No Failure
1818;L48997;L;298.1;307.7;1664;27.6;145;No Failure
3329;L50508;L;301.6;310.6;1418;43.9;129;No Failure
5955;L53134;L;300.8;310.9;1732;25.7;109;No Failure
2090;L49269;L;299.5;309.3;1941;22.5;18;No Failure
8819;M23678;M;297.4;308.7;1481;48;117;No Failure
7359;M22218;M;299.5;310.1;1659;31.5;44;No Failure
8985;L56164;L;297.1;307.8;1406;60.4;133;No Failure
8912;L56091;L;297.1;308.3;1773;23.8;169;No Failure
7971;M22830;M;300.9;312.1;1297;48.6;76;No Failure
6141;L53320;L;300.8;310.7;1589;34.3;144;No Failure
3402;M18261;M;301.4;310.7;1617;34.3;101;No Failure
7000;M21859;M;300.6;310.7;1457;36.7;193;No Failure
6483;L53662;L;300.6;309.9;1480;43.7;153;No Failure
2470;L49649;L;299;308.7;1507;37.5;134;No Failure
7690;L54869;L;300.6;311.7;1432;39.2;2;No Failure
9540;L56719;L;299.4;310.8;1424;47.7;109;No Failure
8158;L55337;L;299.6;310.8;1498;46.9;116;No Failure
4559;L51738;L;302.7;310.7;1369;47.5;11;Heat Dissipation Failure
4742;L51921;L;303.2;311.3;1393;52.9;12;No Failure
4690;M19549;M;303.4;311.5;1560;36.4;114;No Failure
849;L48028;L;296.3;307.4;1465;47.1;215;No Failure
9394;H38807;H;297.7;308.2;1489;43;151;No Failure
4614;L51793;L;303.1;311.3;1403;55.6;150;No Failure
3851;M18710;M;302.3;311;1421;41.3;182;No Failure
9030;L56209;L;297.4;308.3;1483;38.8;23;No Failure
3147;M18006;M;300.5;309.9;1780;26.5;101;No Failure
6510;L53689;L;301.1;310.1;1564;36.8;7;No Failure
2648;L49827;L;299.8;309.4;1408;45.6;156;No Failure
2511;L49690;L;299.1;309;1405;53.8;18;No Failure
6584;M21443;M;301.5;310.5;1503;38.2;200;No Failure
3349;M18208;M;301.3;310.7;1532;40.7;178;No Failure
7620;L54799;L;300.6;311.5;1459;47;63;No Failure
1792;L48971;L;298.1;307.8;1524;40.8;71;No Failure
9256;L56435;L;298.2;309;1651;31.5;197;No Failure
9804;L56983;L;298.4;309.2;1692;29.8;137;No Failure
176;L47355;L;298.2;308.1;1382;43.5;37;No Failure
7333;M22192;M;299.8;310.3;1805;23.7;198;No Failure
9510;M24369;M;299.2;310.4;1502;39.8;34;No Failure
972;L48151;L;295.9;306.6;1557;41.1;113;No Failure
2;L47181;L;298.2;308.7;1408;46.3;3;No Failure
7821;M22680;M;299.8;311.2;1706;29.2;148;No Failure
163;L47342;L;298.3;308.1;1586;35.5;0;No Failure
8297;L55476;L;298.9;310.3;1436;39;32;No Failure
1965;M16824;M;297.8;307.5;1405;46.9;113;No Failure
7447;L54626;L;300.2;311.8;1379;51;46;No Failure
2720;L49899;L;299.5;309.2;1690;29.2;108;No Failure
6642;L53821;L;301.5;310.5;1702;28.7;135;No Failure
8534;M23393;M;298.6;309.4;1465;41.1;30;No Failure
5760;L52939;L;301.8;311.3;1551;35.8;61;No Failure
7890;M22749;M;300.7;312.4;1371;61.7;102;No Failure
7085;L54264;L;300.6;310.3;1794;24.4;211;No Failure
4145;L51324;L;301.8;310.1;1738;28;58;No Failure
1280;M16139;M;298.3;309.6;1531;40.1;81;No Failure
4942;M19801;M;303.6;312.7;1699;31.5;105;No Failure
9117;H38530;H;297.6;308.7;1659;32.1;49;No Failure
7337;H36750;H;299.9;310.5;1549;42.8;208;No Failure
9161;H38574;H;297.5;308.5;1671;28;158;No Failure
4576;M19435;M;302.9;311;1437;49.9;55;No Failure
2553;H31966;H;299.3;309.1;1552;40.7;120;No Failure
6082;L53261;L;300.9;310.7;1517;41.7;210;No Failure
8107;M22966;M;300.4;312;1596;30.4;191;No Failure
6318;L53497;L;300.9;310.3;1321;48.8;150;No Failure
1549;M16408;M;298.3;308.8;1349;52.1;104;No Failure
1987;L49166;L;298.1;307.6;1498;42.9;171;No Failure
3703;L50882;L;302;311.2;1434;44.9;15;No Failure
1883;M16742;M;298;307.6;1581;43.4;113;No Failure
8703;L55882;L;297.2;308.6;1774;23;30;No Failure
2401;H31814;H;299.2;308.6;1462;55;163;No Failure
7751;L54930;L;300.4;311.7;1444;51.2;174;No Failure
3055;H32468;H;300.2;309.3;1342;48.7;68;No Failure
2600;M17459;M;299.2;308.9;1447;39.6;22;No Failure
1133;L48312;L;296.8;307.9;1271;61.4;125;No Failure
7401;M22260;M;299.6;310.6;1633;34.2;151;No Failure
6556;H35969;H;301.5;310.7;1394;46.7;130;No Failure
3302;L50481;L;301.3;310.5;1365;47.7;70;No Failure
4883;L52062;L;303.7;312.5;1462;46.2;165;No Failure
3352;L50531;L;301.4;310.8;1680;31.4;185;No Failure
598;H30011;H;297.6;309.6;1428;46.6;13;No Failure
9088;L56267;L;297.1;307.8;1681;27.6;181;No Failure
7607;M22466;M;300.4;311.3;1350;56.5;31;No Failure
4846;M19705;M;303.3;311.8;1583;33.3;72;No Failure
6145;M21004;M;301.1;311.1;1615;37.7;153;No Failure
5441;H34854;H;303;312.5;1698;30;89;No Failure
6414;L53593;L;300.4;310.1;1614;33.5;191;No Failure
2850;L50029;L;300.4;309.3;1766;28.2;207;No Failure
9444;H38857;H;298;308.8;1411;53.8;73;No Failure
5600;M20459;M;302.7;312;1652;31;81;No Failure
